client_name,dob,address,income,employment_status,id_number
Jacob Aguirre,1921-11-20,48977 Greene Hill Suite 940,41701,Employed,385-03-5127
Theresa Evans,1927-02-23,31488 Nathaniel Springs Apt. 838,169220,Unemployed,630-30-8091
Lisa Roberts,2006-03-11,33344 Maria Flats Apt. 357,140294,Employed,111-28-2798
Brian Ryan,1946-02-22,232 Mary Inlet,114808,Self-employed,436-48-4860
Ricardo Stewart,1923-11-30,68771 Marissa Glens Suite 782,62617,Self-employed,003-54-8631
Heather Martinez,1918-08-07,614 Brown Pike Suite 876,188511,Unemployed,027-69-9660
April Gray,1943-02-01,91114 Kim Parks Suite 604,182206,Employed,705-63-8062
Nancy Porter,2018-11-09,9859 Kevin Meadow Suite 772,147040,Self-employed,153-81-0268
Andrew Anderson,2012-05-26,88955 Joyce Street,67921,Employed,238-96-1018
Lisa Cain,1941-01-26,48136 Knight Green Apt. 542,85943,Employed,165-27-1177
Kimberly Noble,2004-06-27,73174 Linda Valley,52392,Self-employed,120-76-7155
Leslie Ward,1996-04-13,81258 Johnson River,145712,Employed,643-63-2321
Michael Macias,1944-12-15,34291 Angela Drive,118766,Self-employed,532-53-2740
Gary Dunlap,1980-03-12,125 Nicole Gardens Suite 441,109575,Employed,436-51-5242
Jessica Gutierrez,1932-10-12,6991 Moore Glen,30973,Unemployed,139-58-8310
Jamie Mcgrath,1982-05-20,82679 Kemp Creek Apt. 877,124947,Employed,012-53-9053
Philip Rios,1943-11-22,87793 Morgan Fords Suite 037,49828,Employed,023-47-8803
Richard Rowland,1919-12-14,1173 Chase Junctions Apt. 485,114049,Employed,106-21-9765
Annette Beck,2014-03-03,USNV Hickman,57023,Unemployed,651-51-2767
Trevor White,1992-08-07,4881 Sandra Trail Apt. 932,98696,Unemployed,709-86-2768
Rose Lopez,2018-01-14,78407 Michael Springs,83238,Self-employed,116-85-4542
Debra Richardson,2009-10-23,50637 Jill Pine Suite 270,175385,Employed,315-24-6090
Michael Mason,1934-02-01,921 Samantha Valley Suite 121,126277,Self-employed,550-15-0669
Margaret Ward,1975-10-07,196 Baker Mount,156863,Employed,604-47-7379
David Brandt,1949-07-01,4168 Arias Manors Apt. 985,73685,Unemployed,049-97-9965
Gary Long,1987-01-29,321 Rebecca Ways,171996,Employed,256-98-6984
Sergio Schmidt,2022-02-01,4923 Lacey Plaza Suite 829,132160,Self-employed,226-39-6588
Andrea Spears,1956-09-24,2057 Barbara Springs,118698,Employed,405-17-2044
Emily Woods,1919-05-21,313 Mendoza Mission Suite 088,109474,Unemployed,085-36-7192
John Dawson,1973-11-08,343 Angela Unions,142491,Self-employed,228-75-0659
